ID,Name,Price,ImageURL,ProductType,DateTime,EventID,Supplier,ProductURL
205798284,ASOS DESIGN lace up shoes in black leather,£42.00,images.asos-media.com/products/asos-design-lace-up-shoes-in-black-leather/205798284-1-black,footwear,2024-05-30 6:52:19,2174c52b-c302-42f1-bbb3-ced954afd7e5,asos,asos-design/asos-design-lace-up-shoes-in-black-leather/prd/205798284#colourWayId-205798299
205409787,ASOS DESIGN oxford shoes in black leather with toe cap,£36.00,images.asos-media.com/products/asos-design-oxford-shoes-in-black-leather-with-toe-cap/205409787-1-black,footwear,2024-05-30 6:52:19,2174c52b-c302-42f1-bbb3-ced954afd7e5,asos,asos-design/asos-design-oxford-shoes-in-black-leather-with-toe-cap/prd/205409787#colourWayId-205409788
205998839,Thomas Crick boycie double monk strap formal leather shoes in black,£34.99,images.asos-media.com/products/thomas-crick-boycie-double-monk-strap-formal-leather-shoes-in-black/205998839-1-black,footwear,2024-05-30 6:52:19,2174c52b-c302-42f1-bbb3-ced954afd7e5,asos,thomas-crick/thomas-crick-boycie-double-monk-strap-formal-leather-shoes-in-black/prd/205998839#colourWayId-205998840
201351654,ASOS DESIGN tassel loafers in black suede leather with natural sole,£38.00,images.asos-media.com/products/asos-design-tassel-loafers-in-black-suede-leather-with-natural-sole/201351654-1-black,footwear,2024-05-30 6:52:19,2174c52b-c302-42f1-bbb3-ced954afd7e5,asos,asos-design/asos-design-tassel-loafers-in-black-suede-leather-with-natural-sole/prd/201351654#colourWayId-201351655
206636495,Off The Hook 'perry' loafer smooth leather loafer shoes in black,£39.99,images.asos-media.com/products/off-the-hook-perry-loafer-smooth-leather-loafer-shoes-in-black/206636495-1-black,footwear,2024-05-30 6:52:19,2174c52b-c302-42f1-bbb3-ced954afd7e5,asos,off-the-hook/off-the-hook-perry-loafer-smooth-leather-loafer-shoes-in-black/prd/206636495#colourWayId-206636496
202295213,ASOS DESIGN loafers in black leather with chunky sole and contrast stitch,£58.00,images.asos-media.com/products/asos-design-loafers-in-black-leather-with-chunky-sole-and-contrast-stitch/202295213-1-black,footwear,2024-05-30 6:52:19,2174c52b-c302-42f1-bbb3-ced954afd7e5,asos,asos-design/asos-design-loafers-in-black-leather-with-chunky-sole-and-contrast-stitch/prd/202295213#colourWayId-202295214
205998887,Thomas Crick clayton loafer tassel leather slip-on shoe in black suede,£34.99,images.asos-media.com/products/thomas-crick-clayton-loafer-tassel-leather-slip-on-shoe-in-black-suede/205998887-1-blacksuede,footwear,2024-05-30 6:52:19,2174c52b-c302-42f1-bbb3-ced954afd7e5,asos,thomas-crick/thomas-crick-clayton-loafer-tassel-leather-slip-on-shoe-in-black-suede/prd/205998887#colourWayId-205998896
205998693,Thomas Crick clayton loafer tassel leather slip-on shoe in black,£34.99,images.asos-media.com/products/thomas-crick-clayton-loafer-tassel-leather-slip-on-shoe-in-black/205998693-1-black,footwear,2024-05-30 6:52:19,2174c52b-c302-42f1-bbb3-ced954afd7e5,asos,thomas-crick/thomas-crick-clayton-loafer-tassel-leather-slip-on-shoe-in-black/prd/205998693#colourWayId-205998694
205998903,Thomas Crick farrel formal loafer slip-on leather shoes in black,£34.99,images.asos-media.com/products/thomas-crick-farrel-formal-loafer-slip-on-leather-shoes-in-black/205998903-1-black,footwear,2024-05-30 6:52:19,2174c52b-c302-42f1-bbb3-ced954afd7e5,asos,thomas-crick/thomas-crick-farrel-formal-loafer-slip-on-leather-shoes-in-black/prd/205998903#colourWayId-205998904
205315999,Dr Martens 1461 Quad 3 eye shoes in black smooth leather,£119.00,images.asos-media.com/products/dr-martens-1461-quad-3-eye-shoes-in-black-smooth-leather/205315999-1-black,footwear,2024-05-30 6:52:19,2174c52b-c302-42f1-bbb3-ced954afd7e5,asos,dr-martens/dr-martens-1461-quad-3-eye-shoes-in-black-smooth-leather/prd/205315999#colourWayId-205316024
205316104,Dr Martens Adrian tassel loafers in black polished smooth leather,£150.00,images.asos-media.com/products/dr-martens-adrian-tassel-loafers-in-black-polished-smooth-leather/205316104-1-black,footwear,2024-05-30 6:52:19,2174c52b-c302-42f1-bbb3-ced954afd7e5,asos,dr-martens/dr-martens-adrian-tassel-loafers-in-black-polished-smooth-leather/prd/205316104#colourWayId-205316105
206328058,Thomas Crick fagen oxford formal leather lace-up shoes in black,£34.99,images.asos-media.com/products/thomas-crick-fagen-oxford-formal-leather-lace-up-shoes-in-black/206328058-1-black,footwear,2024-05-30 6:52:19,2174c52b-c302-42f1-bbb3-ced954afd7e5,asos,thomas-crick/thomas-crick-fagen-oxford-formal-leather-lace-up-shoes-in-black/prd/206328058#colourWayId-206328059
202728230,Walk London Sean chunky snaffle loafers in black leather,£75.00,images.asos-media.com/products/walk-london-sean-chunky-snaffle-loafers-in-black-leather/202728230-1-black,footwear,2024-05-30 6:52:19,2174c52b-c302-42f1-bbb3-ced954afd7e5,asos,walk-london/walk-london-sean-chunky-snaffle-loafers-in-black-leather/prd/202728230#colourWayId-202728256
205998797,Thomas Crick lucas loafer formal leather slip-on shoes in black,£34.99,images.asos-media.com/products/thomas-crick-lucas-loafer-formal-leather-slip-on-shoes-in-black/205998797-1-black,footwear,2024-05-30 6:52:19,2174c52b-c302-42f1-bbb3-ced954afd7e5,asos,thomas-crick/thomas-crick-lucas-loafer-formal-leather-slip-on-shoes-in-black/prd/205998797#colourWayId-205998805
205998847,Thomas Crick frankie formal patent leather loafer shoe in patent black,£29.99,images.asos-media.com/products/thomas-crick-frankie-formal-patent-leather-loafer-shoe-in-patent-black/205998847-1-patentblack,footwear,2024-05-30 6:52:19,2174c52b-c302-42f1-bbb3-ced954afd7e5,asos,thomas-crick/thomas-crick-frankie-formal-patent-leather-loafer-shoe-in-patent-black/prd/205998847#colourWayId-205998848
205998660,Thomas Crick ladd formal chelsea leather boots in black,£34.99,images.asos-media.com/products/thomas-crick-ladd-formal-chelsea-leather-boots-in-black/205998660-1-black,footwear,2024-05-30 6:52:19,2174c52b-c302-42f1-bbb3-ced954afd7e5,asos,thomas-crick/thomas-crick-ladd-formal-chelsea-leather-boots-in-black/prd/205998660#colourWayId-205998661
206328126,Thomas Crick fetz twin strap monk formal leather shoe in black,£34.99,images.asos-media.com/products/thomas-crick-fetz-twin-strap-monk-formal-leather-shoe-in-black/206328126-1-black,footwear,2024-05-30 6:52:19,2174c52b-c302-42f1-bbb3-ced954afd7e5,asos,thomas-crick/thomas-crick-fetz-twin-strap-monk-formal-leather-shoe-in-black/prd/206328126#colourWayId-206328128
205683281,Walk London Capri Saddle Loafers In Black Leather,£49.00,images.asos-media.com/products/walk-london-capri-saddle-loafers-in-black-leather/205683281-1-black,footwear,2024-05-30 6:52:19,2174c52b-c302-42f1-bbb3-ced954afd7e5,asos,walk-london/walk-london-capri-saddle-loafers-in-black-leather/prd/205683281#colourWayId-205683302
205860070,Timberland Classics 2 eye boat shoe in black leather,£130.00,images.asos-media.com/products/timberland-classics-2-eye-boat-shoe-in-black-leather/205860070-1-black,footwear,2024-05-30 6:52:19,2174c52b-c302-42f1-bbb3-ced954afd7e5,asos,timberland/timberland-classics-2-eye-boat-shoe-in-black-leather/prd/205860070#colourWayId-205860072
206327470,Thomas Crick harley loafer leather slip-on loafer shoes in black,£34.99,images.asos-media.com/products/thomas-crick-harley-loafer-leather-slip-on-loafer-shoes-in-black/206327470-1-black,footwear,2024-05-30 6:52:19,2174c52b-c302-42f1-bbb3-ced954afd7e5,asos,thomas-crick/thomas-crick-harley-loafer-leather-slip-on-loafer-shoes-in-black/prd/206327470#colourWayId-206327471
205316000,Dr Martens 1461 Bex 3 eye shoes in black smooth leather,£160.00,images.asos-media.com/products/dr-martens-1461-bex-3-eye-shoes-in-black-smooth-leather/205316000-1-black,footwear,2024-05-30 6:52:19,2174c52b-c302-42f1-bbb3-ced954afd7e5,asos,dr-martens/dr-martens-1461-bex-3-eye-shoes-in-black-smooth-leather/prd/205316000#colourWayId-205316028
205899247,Off The Hook jax lace up leather boots in black,£39.99,images.asos-media.com/products/off-the-hook-jax-lace-up-leather-boots-in-black/205899247-1-black,footwear,2024-05-30 6:52:19,2174c52b-c302-42f1-bbb3-ced954afd7e5,asos,off-the-hook/off-the-hook-jax-lace-up-leather-boots-in-black/prd/205899247#colourWayId-205899254
205998724,Thomas Crick devita hiker style casual leather boots in black,£39.99,images.asos-media.com/products/thomas-crick-devita-hiker-style-casual-leather-boots-in-black/205998724-1-black,footwear,2024-05-30 6:52:19,2174c52b-c302-42f1-bbb3-ced954afd7e5,asos,thomas-crick/thomas-crick-devita-hiker-style-casual-leather-boots-in-black/prd/205998724#colourWayId-205998733
205998756,Thomas Crick nesser brogue lace-up leather ankle boots in black,£44.99,images.asos-media.com/products/thomas-crick-nesser-brogue-lace-up-leather-ankle-boots-in-black/205998756-1-black,footwear,2024-05-30 6:52:19,2174c52b-c302-42f1-bbb3-ced954afd7e5,asos,thomas-crick/thomas-crick-nesser-brogue-lace-up-leather-ankle-boots-in-black/prd/205998756#colourWayId-205998757
206328348,Thomas Crick dixon formal ankle brogue leather boots in black,£39.99,images.asos-media.com/products/thomas-crick-dixon-formal-ankle-brogue-leather-boots-in-black/206328348-1-black,footwear,2024-05-30 6:52:19,2174c52b-c302-42f1-bbb3-ced954afd7e5,asos,thomas-crick/thomas-crick-dixon-formal-ankle-brogue-leather-boots-in-black/prd/206328348#colourWayId-206328357
205683479,Walk London Breeze Slip On Mules In Black Grain Leather,£49.00,images.asos-media.com/products/walk-london-breeze-slip-on-mules-in-black-grain-leather/205683479-1-black,footwear,2024-05-30 6:52:19,2174c52b-c302-42f1-bbb3-ced954afd7e5,asos,walk-london/walk-london-breeze-slip-on-mules-in-black-grain-leather/prd/205683479#colourWayId-205683480
205998735,Thomas Crick driscol casual leather ankle boots in black,£39.99,images.asos-media.com/products/thomas-crick-driscol-casual-leather-ankle-boots-in-black/205998735-1-black,footwear,2024-05-30 6:52:19,2174c52b-c302-42f1-bbb3-ced954afd7e5,asos,thomas-crick/thomas-crick-driscol-casual-leather-ankle-boots-in-black/prd/205998735#colourWayId-205998741
205490002,ASOS DESIGN loafers in black leather with natural sole,£48.00,images.asos-media.com/products/asos-design-loafers-in-black-leather-with-natural-sole/205490002-1-black,footwear,2024-05-30 6:52:19,2174c52b-c302-42f1-bbb3-ced954afd7e5,asos,asos-design/asos-design-loafers-in-black-leather-with-natural-sole/prd/205490002#colourWayId-205490003
205798258,ASOS DESIGN black leather loafers with red and white detailing,£40.00,images.asos-media.com/products/asos-design-black-leather-loafers-with-red-and-white-detailing/205798258-1-black,footwear,2024-05-30 6:52:19,2174c52b-c302-42f1-bbb3-ced954afd7e5,asos,asos-design/asos-design-black-leather-loafers-with-red-and-white-detailing/prd/205798258#colourWayId-205798270
205683328,Walk London Luigi Rope Loafers In Black Leather,£64.00,images.asos-media.com/products/walk-london-luigi-rope-loafers-in-black-leather/205683328-1-black,footwear,2024-05-30 6:52:19,2174c52b-c302-42f1-bbb3-ced954afd7e5,asos,walk-london/walk-london-luigi-rope-loafers-in-black-leather/prd/205683328#colourWayId-205683346
205887942,ASOS DESIGN loafers with chunky sole and snaffle detail in black leather-BLACK,£52.00,images.asos-media.com/products/asos-design-loafers-with-chunky-sole-and-snaffle-detail-in-black-leather-black/205887942-1-black,footwear,2024-05-30 6:52:19,2174c52b-c302-42f1-bbb3-ced954afd7e5,asos,asos-design/asos-design-loafers-with-chunky-sole-and-snaffle-detail-in-black-leather-black/prd/205887942#colourWayId-205887943
204108958,Converse chuck taylor all star Hi lift trainers in black leather,£90.00,images.asos-media.com/products/converse-chuck-taylor-all-star-hi-lift-trainers-in-black-leather/204108958-1-black,footwear,2024-05-30 6:52:19,2174c52b-c302-42f1-bbb3-ced954afd7e5,asos,converse/converse-chuck-taylor-all-star-hi-lift-trainers-in-black-leather/prd/204108958#colourWayId-204108981
205315910,Dr Martens Adrian Bex loafers in black leather,£170.00,images.asos-media.com/products/dr-martens-adrian-bex-loafers-in-black-leather/205315910-1-black,footwear,2024-05-30 6:52:19,2174c52b-c302-42f1-bbb3-ced954afd7e5,asos,dr-martens/dr-martens-adrian-bex-loafers-in-black-leather/prd/205315910#colourWayId-205315914
205316023,Dr Martens 101 Bex 6 eye boots in black smooth leather,£180.00,images.asos-media.com/products/dr-martens-101-bex-6-eye-boots-in-black-smooth-leather/205316023-1-black,footwear,2024-05-30 6:52:19,2174c52b-c302-42f1-bbb3-ced954afd7e5,asos,dr-martens/dr-martens-101-bex-6-eye-boots-in-black-smooth-leather/prd/205316023#colourWayId-205316048
205683461,Walk London Shore Weave Backstrap Sandals In Black Leather,£52.00,images.asos-media.com/products/walk-london-shore-weave-backstrap-sandals-in-black-leather/205683461-1-black,footwear,2024-05-30 6:52:19,2174c52b-c302-42f1-bbb3-ced954afd7e5,asos,walk-london/walk-london-shore-weave-backstrap-sandals-in-black-leather/prd/205683461#colourWayId-205683462
205899302,Off The Hook clancy lace up derby leather boots in black,£39.99,images.asos-media.com/products/off-the-hook-clancy-lace-up-derby-leather-boots-in-black/205899302-1-black,footwear,2024-05-30 6:52:19,2174c52b-c302-42f1-bbb3-ced954afd7e5,asos,off-the-hook/off-the-hook-clancy-lace-up-derby-leather-boots-in-black/prd/205899302#colourWayId-205899303
205963608,Barbour Basalt leather boat shoes in black,£115.00,images.asos-media.com/products/barbour-basalt-leather-boat-shoes-in-black/205963608-1-black,footwear,2024-05-30 6:52:19,2174c52b-c302-42f1-bbb3-ced954afd7e5,asos,barbour/barbour-basalt-leather-boat-shoes-in-black/prd/205963608#colourWayId-205963609
205979614,Converse Chuck 70 Hi leather trainers in black,£75.00,images.asos-media.com/products/converse-chuck-70-hi-leather-trainers-in-black/205979614-1-black,footwear,2024-05-30 6:52:19,2174c52b-c302-42f1-bbb3-ced954afd7e5,asos,converse/converse-chuck-70-hi-leather-trainers-in-black/prd/205979614#colourWayId-205979621
206692011,Fred Perry B71 leather trainers in black,£110.00,images.asos-media.com/products/fred-perry-b71-leather-trainers-in-black/206692011-1-black,footwear,2024-05-30 6:52:19,2174c52b-c302-42f1-bbb3-ced954afd7e5,asos,fred-perry/fred-perry-b71-leather-trainers-in-black/prd/206692011#colourWayId-206692034
205899220,Off The Hook chase slip on chelsea leather boots in black,£39.99,images.asos-media.com/products/off-the-hook-chase-slip-on-chelsea-leather-boots-in-black/205899220-1-black,footwear,2024-05-30 6:52:19,2174c52b-c302-42f1-bbb3-ced954afd7e5,asos,off-the-hook/off-the-hook-chase-slip-on-chelsea-leather-boots-in-black/prd/205899220#colourWayId-205899221
205899311,Off The Hook leo slip on waxy chelsea leather boots in black,£39.99,images.asos-media.com/products/off-the-hook-leo-slip-on-waxy-chelsea-leather-boots-in-black/205899311-1-black,footwear,2024-05-30 6:52:19,2174c52b-c302-42f1-bbb3-ced954afd7e5,asos,off-the-hook/off-the-hook-leo-slip-on-waxy-chelsea-leather-boots-in-black/prd/205899311#colourWayId-205899319
205683221,Walk London Shore Double Strap Sandals In Black Grain Leather,£49.00,images.asos-media.com/products/walk-london-shore-double-strap-sandals-in-black-grain-leather/205683221-1-black,footwear,2024-05-30 6:52:19,2174c52b-c302-42f1-bbb3-ced954afd7e5,asos,walk-london/walk-london-shore-double-strap-sandals-in-black-grain-leather/prd/205683221#colourWayId-205683239
205899326,Off The Hook Off the hook men's 'asher' lace up hiking leather boots in black,£39.99,images.asos-media.com/products/off-the-hook-off-the-hook-mens-asher-lace-up-hiking-leather-boots-in-black/205899326-1-black,footwear,2024-05-30 6:52:19,2174c52b-c302-42f1-bbb3-ced954afd7e5,asos,off-the-hook/off-the-hook-off-the-hook-mens-asher-lace-up-hiking-leather-boots-in-black/prd/205899326#colourWayId-205899327
203364661,Polo Ralph Lauren leather longwood trainer in black with pony logo,£105.00,images.asos-media.com/products/polo-ralph-lauren-leather-longwood-trainer-in-black-with-pony-logo/203364661-1-black,footwear,2024-05-30 6:52:19,2174c52b-c302-42f1-bbb3-ced954afd7e5,asos,polo-ralph-lauren/polo-ralph-lauren-leather-longwood-trainer-in-black-with-pony-logo/prd/203364661#colourWayId-203364662
205776542,schuh Sergio double strap sandals in black leather,£50.00,images.asos-media.com/products/schuh-sergio-double-strap-sandals-in-black-leather/205776542-1-black,footwear,2024-05-30 6:52:19,2174c52b-c302-42f1-bbb3-ced954afd7e5,asos,schuh/schuh-sergio-double-strap-sandals-in-black-leather/prd/205776542#colourWayId-205776543
202004355,ASOS DESIGN heeled chelsea boots with angled toe in black leather,£78.00,images.asos-media.com/products/asos-design-heeled-chelsea-boots-with-angled-toe-in-black-leather/202004355-1-black,footwear,2024-05-30 6:52:19,2174c52b-c302-42f1-bbb3-ced954afd7e5,asos,asos-design/asos-design-heeled-chelsea-boots-with-angled-toe-in-black-leather/prd/202004355#colourWayId-202004360
205553496,Kickers Lennon leather loafer in black,£66.50,images.asos-media.com/products/kickers-lennon-leather-loafer-in-black/205553496-1-black,footwear,2024-05-30 6:52:19,2174c52b-c302-42f1-bbb3-ced954afd7e5,asos,kickers/kickers-lennon-leather-loafer-in-black/prd/205553496#colourWayId-205553498
205581948,Tommy Jeans tommy jeans leather trainer with contrast flatform sole in Black,£100.00,images.asos-media.com/products/tommy-jeans-tommy-jeans-leather-trainer-with-contrast-flatform-sole-in-black/205581948-1-black,footwear,2024-05-30 6:52:19,2174c52b-c302-42f1-bbb3-ced954afd7e5,asos,tommy-jeans/tommy-jeans-tommy-jeans-leather-trainer-with-contrast-flatform-sole-in-black/prd/205581948#colourWayId-205581949
205940713,AllSaints Vex leather sandals in black,£149.00,images.asos-media.com/products/allsaints-vex-leather-sandals-in-black/205940713-1-black,footwear,2024-05-30 6:52:19,2174c52b-c302-42f1-bbb3-ced954afd7e5,asos,allsaints/allsaints-vex-leather-sandals-in-black/prd/205940713#colourWayId-205940723
206410601,Base London portland leather boots in black,£79.99,images.asos-media.com/products/base-london-portland-leather-boots-in-black/206410601-1-black,footwear,2024-05-30 6:52:19,2174c52b-c302-42f1-bbb3-ced954afd7e5,asos,base-london/base-london-portland-leather-boots-in-black/prd/206410601#colourWayId-206410610
205323047,Dr Martens Adrian quad loafers in black smooth leather,£180.00,images.asos-media.com/products/dr-martens-adrian-quad-loafers-in-black-smooth-leather/205323047-1-black,footwear,2024-05-30 6:52:19,2174c52b-c302-42f1-bbb3-ced954afd7e5,asos,dr-martens/dr-martens-adrian-quad-loafers-in-black-smooth-leather/prd/205323047#colourWayId-205323048
205899237,Off The Hook lander lace up glossy leather boots in black,£39.99,images.asos-media.com/products/off-the-hook-lander-lace-up-glossy-leather-boots-in-black/205899237-1-black,footwear,2024-05-30 6:52:19,2174c52b-c302-42f1-bbb3-ced954afd7e5,asos,off-the-hook/off-the-hook-lander-lace-up-glossy-leather-boots-in-black/prd/205899237#colourWayId-205899246
205998812,Thomas Crick dekker hiker style casual leather boots in black,£44.99,images.asos-media.com/products/thomas-crick-dekker-hiker-style-casual-leather-boots-in-black/205998812-1-black,footwear,2024-05-30 6:52:19,2174c52b-c302-42f1-bbb3-ced954afd7e5,asos,thomas-crick/thomas-crick-dekker-hiker-style-casual-leather-boots-in-black/prd/205998812#colourWayId-205998813
206220943,Tommy Jeans Leather Basketball Trainers in Black,£90.00,images.asos-media.com/products/tommy-jeans-leather-basketball-trainers-in-black/206220943-1-black,footwear,2024-05-30 6:52:19,2174c52b-c302-42f1-bbb3-ced954afd7e5,asos,tommy-jeans/tommy-jeans-leather-basketball-trainers-in-black/prd/206220943#colourWayId-206220971
205315961,Dr Martens 2976 Quad chelsea boots in black polished smooth leather,£200.00,images.asos-media.com/products/dr-martens-2976-quad-chelsea-boots-in-black-polished-smooth-leather/205315961-1-black,footwear,2024-05-30 6:52:19,2174c52b-c302-42f1-bbb3-ced954afd7e5,asos,dr-martens/dr-martens-2976-quad-chelsea-boots-in-black-polished-smooth-leather/prd/205315961#colourWayId-205315987
205323272,Dr Martens Woodard 7 eye shoes in black grizzly leather,£200.00,images.asos-media.com/products/dr-martens-woodard-7-eye-shoes-in-black-grizzly-leather/205323272-1-black,footwear,2024-05-30 6:52:19,2174c52b-c302-42f1-bbb3-ced954afd7e5,asos,dr-martens/dr-martens-woodard-7-eye-shoes-in-black-grizzly-leather/prd/205323272#colourWayId-205323283
205998888,Thomas Crick evers casual leather trainers in black,£34.99,images.asos-media.com/products/thomas-crick-evers-casual-leather-trainers-in-black/205998888-1-black,footwear,2024-05-30 6:52:19,2174c52b-c302-42f1-bbb3-ced954afd7e5,asos,thomas-crick/thomas-crick-evers-casual-leather-trainers-in-black/prd/205998888#colourWayId-205998889
205776587,schuh Reilly derby shoes in black leather,£55.00,images.asos-media.com/products/schuh-reilly-derby-shoes-in-black-leather/205776587-1-black,footwear,2024-05-30 6:52:19,2174c52b-c302-42f1-bbb3-ced954afd7e5,asos,schuh/schuh-reilly-derby-shoes-in-black-leather/prd/205776587#colourWayId-205776588
205683286,Walk London Torbole Saddle Loafers In Black and Off White Leather,£80.00,images.asos-media.com/products/walk-london-torbole-saddle-loafers-in-black-and-off-white-leather/205683286-1-black,footwear,2024-05-30 6:52:19,2174c52b-c302-42f1-bbb3-ced954afd7e5,asos,walk-london/walk-london-torbole-saddle-loafers-in-black-and-off-white-leather/prd/205683286#colourWayId-205683293
206168120,River Island leather snaffle loafers in black,£50.00,images.asos-media.com/products/river-island-leather-snaffle-loafers-in-black/206168120-1-black,footwear,2024-05-30 6:52:19,2174c52b-c302-42f1-bbb3-ced954afd7e5,asos,river-island/river-island-leather-snaffle-loafers-in-black/prd/206168120#colourWayId-206168130
205316046,Dr Martens Combs Tech 8 tie boots in black leather,£150.00,images.asos-media.com/products/dr-martens-combs-tech-8-tie-boots-in-black-leather/205316046-1-black,footwear,2024-05-30 6:52:19,2174c52b-c302-42f1-bbb3-ced954afd7e5,asos,dr-martens/dr-martens-combs-tech-8-tie-boots-in-black-leather/prd/205316046#colourWayId-205316070
205899310,Off The Hook harrison slip on chelsea leather boots in black,£39.99,images.asos-media.com/products/off-the-hook-harrison-slip-on-chelsea-leather-boots-in-black/205899310-1-black,footwear,2024-05-30 6:52:19,2174c52b-c302-42f1-bbb3-ced954afd7e5,asos,off-the-hook/off-the-hook-harrison-slip-on-chelsea-leather-boots-in-black/prd/205899310#colourWayId-205899312
202294042,ASOS DESIGN heeled chelsea boots with pointed toe in black leather,£66.00,images.asos-media.com/products/asos-design-heeled-chelsea-boots-with-pointed-toe-in-black-leather/202294042-1-black,footwear,2024-05-30 6:52:19,2174c52b-c302-42f1-bbb3-ced954afd7e5,asos,asos-design/asos-design-heeled-chelsea-boots-with-pointed-toe-in-black-leather/prd/202294042#colourWayId-202294043
201217489,Converse Chuck Taylor All Star Hi trainers in black leather,£75.00,images.asos-media.com/products/converse-chuck-taylor-all-star-hi-trainers-in-black-leather/201217489-1-black,footwear,2024-05-30 6:52:19,2174c52b-c302-42f1-bbb3-ced954afd7e5,asos,converse/converse-chuck-taylor-all-star-hi-trainers-in-black-leather/prd/201217489#colourWayId-201217490
203997675,Dr Martens Penton quad ds loafers in black paris leather,£169.00,images.asos-media.com/products/dr-martens-penton-quad-ds-loafers-in-black-paris-leather/203997675-1-black,footwear,2024-05-30 6:52:19,2174c52b-c302-42f1-bbb3-ced954afd7e5,asos,dr-martens/dr-martens-penton-quad-ds-loafers-in-black-paris-leather/prd/203997675#colourWayId-203997686
20594566,Kickers kick hi boots in black leather,£95.00,images.asos-media.com/products/kickers-kick-hi-boots-in-black-leather/20594566-1-black,footwear,2024-05-30 6:52:19,2174c52b-c302-42f1-bbb3-ced954afd7e5,asos,kickers/kickers-kick-hi-boots-in-black-leather/prd/20594566#colourWayId-60067020
205998668,Thomas Crick falcon derby formal leather lace-up shoes in black,£31.99,images.asos-media.com/products/thomas-crick-falcon-derby-formal-leather-lace-up-shoes-in-black/205998668-1-black,footwear,2024-05-30 6:52:19,2174c52b-c302-42f1-bbb3-ced954afd7e5,asos,thomas-crick/thomas-crick-falcon-derby-formal-leather-lace-up-shoes-in-black/prd/205998668#colourWayId-205998669
205998855,Thomas Crick farrel formal loafer slip-on leather shoes in black suede,£34.99,images.asos-media.com/products/thomas-crick-farrel-formal-loafer-slip-on-leather-shoes-in-black-suede/205998855-1-blacksuede,footwear,2024-05-30 6:52:19,2174c52b-c302-42f1-bbb3-ced954afd7e5,asos,thomas-crick/thomas-crick-farrel-formal-loafer-slip-on-leather-shoes-in-black-suede/prd/205998855#colourWayId-205998856
201186588,Birkenstock Arizona sandals in black Oiled Leather,£95.00,images.asos-media.com/products/birkenstock-arizona-sandals-in-black-oiled-leather/201186588-1-black,footwear,2024-05-30 6:52:19,2174c52b-c302-42f1-bbb3-ced954afd7e5,asos,birkenstock/birkenstock-arizona-sandals-in-black-oiled-leather/prd/201186588#colourWayId-201186589
205998820,Thomas Crick banks brogue derby formal leather shoes in black,£34.99,images.asos-media.com/products/thomas-crick-banks-brogue-derby-formal-leather-shoes-in-black/205998820-1-black,footwear,2024-05-30 6:52:19,2174c52b-c302-42f1-bbb3-ced954afd7e5,asos,thomas-crick/thomas-crick-banks-brogue-derby-formal-leather-shoes-in-black/prd/205998820#colourWayId-205998821
205980923,Birkenstock Boston clogs in black oiled leather,£130.00,images.asos-media.com/products/birkenstock-boston-clogs-in-black-oiled-leather/205980923-1-black,footwear,2024-05-30 6:52:19,2174c52b-c302-42f1-bbb3-ced954afd7e5,asos,birkenstock/birkenstock-boston-clogs-in-black-oiled-leather/prd/205980923#colourWayId-205980924
205776551,schuh Paxton chunky lace up shoes in black leather,£60.00,images.asos-media.com/products/schuh-paxton-chunky-lace-up-shoes-in-black-leather/205776551-1-black,footwear,2024-05-30 6:52:19,2174c52b-c302-42f1-bbb3-ced954afd7e5,asos,schuh/schuh-paxton-chunky-lace-up-shoes-in-black-leather/prd/205776551#colourWayId-205776552
205323178,Dr Martens Penton loafers in black smooth leather,£150.00,images.asos-media.com/products/dr-martens-penton-loafers-in-black-smooth-leather/205323178-1-black,footwear,2024-05-30 6:52:19,2174c52b-c302-42f1-bbb3-ced954afd7e5,asos,dr-martens/dr-martens-penton-loafers-in-black-smooth-leather/prd/205323178#colourWayId-205323180
206290813,Armani Exchange contrast detail logo leather trainers in white/black,£139.00,images.asos-media.com/products/armani-exchange-contrast-detail-logo-leather-trainers-in-white-black/206290813-1-whiteblack,footwear,2024-05-30 6:52:19,2174c52b-c302-42f1-bbb3-ced954afd7e5,asos,armani-exchange/armani-exchange-contrast-detail-logo-leather-trainers-in-white-black/prd/206290813#colourWayId-206290815
204165269,ASRA Saxby fisherman sandals in black leather,£48.50,images.asos-media.com/products/asra-saxby-fisherman-sandals-in-black-leather/204165269-1-blackleather,footwear,2024-05-30 6:52:19,2174c52b-c302-42f1-bbb3-ced954afd7e5,asos,asra/asra-saxby-fisherman-sandals-in-black-leather/prd/204165269#colourWayId-204165278
204421966,Fred Perry leather loafer in black,£175.00,images.asos-media.com/products/fred-perry-leather-loafer-in-black/204421966-1-black,footwear,2024-05-30 6:52:19,2174c52b-c302-42f1-bbb3-ced954afd7e5,asos,fred-perry/fred-perry-leather-loafer-in-black/prd/204421966#colourWayId-204421992
205252850,Birkenstock Highwood chelsea boots in black leather,£170.00,images.asos-media.com/products/birkenstock-highwood-chelsea-boots-in-black-leather/205252850-1-black,footwear,2024-05-30 6:52:19,2174c52b-c302-42f1-bbb3-ced954afd7e5,asos,birkenstock/birkenstock-highwood-chelsea-boots-in-black-leather/prd/205252850#colourWayId-205252861
205082281,Walk London Element snow boots in black leather,£85.00,images.asos-media.com/products/walk-london-element-snow-boots-in-black-leather/205082281-1-black,footwear,2024-05-30 6:52:19,2174c52b-c302-42f1-bbb3-ced954afd7e5,asos,walk-london/walk-london-element-snow-boots-in-black-leather/prd/205082281#colourWayId-205082291
205252979,Birkestock Bryson lace up boots in black leather,£160.00,images.asos-media.com/products/birkestock-bryson-lace-up-boots-in-black-leather/205252979-1-black,footwear,2024-05-30 6:52:19,2174c52b-c302-42f1-bbb3-ced954afd7e5,asos,birkenstock/birkestock-bryson-lace-up-boots-in-black-leather/prd/205252979#colourWayId-205252981
205558669,PS Paul Smith Ware leather runner trainers in triple black,£157.50,images.asos-media.com/products/ps-paul-smith-ware-leather-runner-trainers-in-triple-black/205558669-1-tripleblack,footwear,2024-05-30 6:52:19,2174c52b-c302-42f1-bbb3-ced954afd7e5,asos,ps-paul-smith/ps-paul-smith-ware-leather-runner-trainers-in-triple-black/prd/205558669#colourWayId-205558680
201956348,Converse Chuck Taylor Hi trainers in black leather,£75.00,images.asos-media.com/products/converse-chuck-taylor-hi-trainers-in-black-leather/201956348-1-black,footwear,2024-05-30 6:52:19,2174c52b-c302-42f1-bbb3-ced954afd7e5,asos,converse/converse-chuck-taylor-hi-trainers-in-black-leather/prd/201956348#colourWayId-201956362
206025373,Dr Martens Jorge II western gothic mules in black leather,£140.00,images.asos-media.com/products/dr-martens-jorge-ii-western-gothic-mules-in-black-leather/206025373-1-black,footwear,2024-05-30 6:52:19,2174c52b-c302-42f1-bbb3-ced954afd7e5,asos,dr-martens/dr-martens-jorge-ii-western-gothic-mules-in-black-leather/prd/206025373#colourWayId-206025375
204650531,Converse Chuck Taylor All Star Cruise Hi platform trainers in black leather,£85.00,images.asos-media.com/products/converse-chuck-taylor-all-star-cruise-hi-platform-trainers-in-black-leather/204650531-1-black,footwear,2024-05-30 6:52:19,2174c52b-c302-42f1-bbb3-ced954afd7e5,asos,converse/converse-chuck-taylor-all-star-cruise-hi-platform-trainers-in-black-leather/prd/204650531#colourWayId-204650532
205196467,Timberland spinrt trekker super ox boots in black nubuck leather,£125.00,images.asos-media.com/products/timberland-spinrt-trekker-super-ox-boots-in-black-nubuck-leather/205196467-1-blacknubuck,footwear,2024-05-30 6:52:19,2174c52b-c302-42f1-bbb3-ced954afd7e5,asos,timberland/timberland-spinrt-trekker-super-ox-boots-in-black-nubuck-leather/prd/205196467#colourWayId-205196474
203682866,Jack & Jones leather lace up boots with chunky sole in black,£95.00,images.asos-media.com/products/jack-jones-leather-lace-up-boots-with-chunky-sole-in-black/203682866-1-anthracite,footwear,2024-05-30 6:52:19,2174c52b-c302-42f1-bbb3-ced954afd7e5,asos,jack-jones/jack-jones-leather-lace-up-boots-with-chunky-sole-in-black/prd/203682866#colourWayId-203682885
205082069,Walk London Campus loafers in black leather,£75.00,images.asos-media.com/products/walk-london-campus-loafers-in-black-leather/205082069-1-black,footwear,2024-05-30 6:52:19,2174c52b-c302-42f1-bbb3-ced954afd7e5,asos,walk-london/walk-london-campus-loafers-in-black-leather/prd/205082069#colourWayId-205082090
204236577,Polo Ralph Lauren leather longwood trainer in black with pony logo,£115.00,images.asos-media.com/products/polo-ralph-lauren-leather-longwood-trainer-in-black-with-pony-logo/204236577-1-black,footwear,2024-05-30 6:52:19,2174c52b-c302-42f1-bbb3-ced954afd7e5,asos,polo-ralph-lauren/polo-ralph-lauren-leather-longwood-trainer-in-black-with-pony-logo/prd/204236577#colourWayId-204236587
205082351,Walk London Milano lace up boots in black leather,£85.00,images.asos-media.com/products/walk-london-milano-lace-up-boots-in-black-leather/205082351-1-black,footwear,2024-05-30 6:52:19,2174c52b-c302-42f1-bbb3-ced954afd7e5,asos,walk-london/walk-london-milano-lace-up-boots-in-black-leather/prd/205082351#colourWayId-205082357
205196013,Timberland winsor park chukka boots in black nubuck leather,£140.00,images.asos-media.com/products/timberland-winsor-park-chukka-boots-in-black-nubuck-leather/205196013-1-blacknubuck,footwear,2024-05-30 6:52:19,2174c52b-c302-42f1-bbb3-ced954afd7e5,asos,timberland/timberland-winsor-park-chukka-boots-in-black-nubuck-leather/prd/205196013#colourWayId-205196014
203066492,ASRA Monty zip front heeled boots in black leather,£95.00,images.asos-media.com/products/asra-monty-zip-front-heeled-boots-in-black-leather/203066492-1-black,footwear,2024-05-30 6:52:19,2174c52b-c302-42f1-bbb3-ced954afd7e5,asos,asra/asra-monty-zip-front-heeled-boots-in-black-leather/prd/203066492#colourWayId-203066493
202294843,ASOS DESIGN oxford brogue shoes in black leather,£36.00,images.asos-media.com/products/asos-design-oxford-brogue-shoes-in-black-leather/202294843-1-black,footwear,2024-05-30 6:52:19,2174c52b-c302-42f1-bbb3-ced954afd7e5,asos,asos-design/asos-design-oxford-brogue-shoes-in-black-leather/prd/202294843#colourWayId-202294852
205998828,Thomas Crick cardew brogue leather shoes in black,£34.99,images.asos-media.com/products/thomas-crick-cardew-brogue-leather-shoes-in-black/205998828-1-black,footwear,2024-05-30 6:52:19,2174c52b-c302-42f1-bbb3-ced954afd7e5,asos,thomas-crick/thomas-crick-cardew-brogue-leather-shoes-in-black/prd/205998828#colourWayId-205998829
205998652,Thomas Crick addison formal leather chelsea boots in black,£34.99,images.asos-media.com/products/thomas-crick-addison-formal-leather-chelsea-boots-in-black/205998652-1-black,footwear,2024-05-30 6:52:19,2174c52b-c302-42f1-bbb3-ced954afd7e5,asos,thomas-crick/thomas-crick-addison-formal-leather-chelsea-boots-in-black/prd/205998652#colourWayId-205998653
23211813,ASOS DESIGN oxford shoes in black leather with toe cap,£36.00,images.asos-media.com/products/asos-design-oxford-shoes-in-black-leather-with-toe-cap/23211813-1-black,footwear,2024-05-30 6:52:19,2174c52b-c302-42f1-bbb3-ced954afd7e5,asos,asos-design/asos-design-oxford-shoes-in-black-leather-with-toe-cap/prd/23211813#colourWayId-60459685
201386488,ASOS DESIGN chunky sole brogue shoes in black leather,£64.00,images.asos-media.com/products/asos-design-chunky-sole-brogue-shoes-in-black-leather/201386488-1-black,footwear,2024-05-30 6:52:19,2174c52b-c302-42f1-bbb3-ced954afd7e5,asos,asos-design/asos-design-chunky-sole-brogue-shoes-in-black-leather/prd/201386488#colourWayId-201386500
204109956,ASOS DESIGN lace up shoes with apron seam detail in black leather,£54.00,images.asos-media.com/products/asos-design-lace-up-shoes-with-apron-seam-detail-in-black-leather/204109956-1-black,footwear,2024-05-30 6:52:19,2174c52b-c302-42f1-bbb3-ced954afd7e5,asos,asos-design/asos-design-lace-up-shoes-with-apron-seam-detail-in-black-leather/prd/204109956#colourWayId-204109960
205121872,Clarks Originals Wallabee Cup sole boots in black leather,£140.00,images.asos-media.com/products/clarks-originals-wallabee-cup-sole-boots-in-black-leather/205121872-1-black,footwear,2024-05-30 6:52:19,2174c52b-c302-42f1-bbb3-ced954afd7e5,asos,clarks-originals/clarks-originals-wallabee-cup-sole-boots-in-black-leather/prd/205121872#colourWayId-205121878
205002088,ASOS DESIGN heeled chelsea boot in black leather with natural sole,£70.00,images.asos-media.com/products/asos-design-heeled-chelsea-boot-in-black-leather-with-natural-sole/205002088-1-black,footwear,2024-05-30 6:52:19,2174c52b-c302-42f1-bbb3-ced954afd7e5,asos,asos-design/asos-design-heeled-chelsea-boot-in-black-leather-with-natural-sole/prd/205002088#colourWayId-205002096
205196706,Timberland sprint trekker mid boots in black full grain leather,£140.00,images.asos-media.com/products/timberland-sprint-trekker-mid-boots-in-black-full-grain-leather/205196706-1-blackfullgrain,footwear,2024-05-30 6:52:19,2174c52b-c302-42f1-bbb3-ced954afd7e5,asos,timberland/timberland-sprint-trekker-mid-boots-in-black-full-grain-leather/prd/205196706#colourWayId-205196708
205323470,Dr Martens Tarik zip 8 eye boots in black leather,£150.00,images.asos-media.com/products/dr-martens-tarik-zip-8-eye-boots-in-black-leather/205323470-1-black,footwear,2024-05-30 6:52:19,2174c52b-c302-42f1-bbb3-ced954afd7e5,asos,dr-martens/dr-martens-tarik-zip-8-eye-boots-in-black-leather/prd/205323470#colourWayId-205323494
205969011,Levi's Drive leather trainer with logo in black,£65.00,images.asos-media.com/products/levis-drive-leather-trainer-with-logo-in-black/205969011-1-fullblack,footwear,2024-05-30 6:52:19,2174c52b-c302-42f1-bbb3-ced954afd7e5,asos,levis/levis-drive-leather-trainer-with-logo-in-black/prd/205969011#colourWayId-205969012
205196682,Timberland field trekker low trainers in black nubuck leather,£120.00,images.asos-media.com/products/timberland-field-trekker-low-trainers-in-black-nubuck-leather/205196682-1-blacknubuck,footwear,2024-05-30 6:52:19,2174c52b-c302-42f1-bbb3-ced954afd7e5,asos,timberland/timberland-field-trekker-low-trainers-in-black-nubuck-leather/prd/205196682#colourWayId-205196693
204107602,ASOS DESIGN loafers with chunky sole and snaffle detail in black leather,£52.00,images.asos-media.com/products/asos-design-loafers-with-chunky-sole-and-snaffle-detail-in-black-leather/204107602-1-black,footwear,2024-05-30 6:52:19,2174c52b-c302-42f1-bbb3-ced954afd7e5,asos,asos-design/asos-design-loafers-with-chunky-sole-and-snaffle-detail-in-black-leather/prd/204107602#colourWayId-204107603
202728354,Walk London Oliver lace up shoes in black leather,£70.00,images.asos-media.com/products/walk-london-oliver-lace-up-shoes-in-black-leather/202728354-1-black,footwear,2024-05-30 6:52:19,2174c52b-c302-42f1-bbb3-ced954afd7e5,asos,walk-london/walk-london-oliver-lace-up-shoes-in-black-leather/prd/202728354#colourWayId-202728378
204159264,ASOS DESIGN chunky gladiator sandals in black leather with western detailing,£42.00,images.asos-media.com/products/asos-design-chunky-gladiator-sandals-in-black-leather-with-western-detailing/204159264-1-black,footwear,2024-05-30 6:52:19,2174c52b-c302-42f1-bbb3-ced954afd7e5,asos,asos-design/asos-design-chunky-gladiator-sandals-in-black-leather-with-western-detailing/prd/204159264#colourWayId-204159275
204846354,Tommy Hilfiger Eton mini billfold leather wallet in black,£50.00,images.asos-media.com/products/tommy-hilfiger-eton-mini-billfold-leather-wallet-in-black/204846354-1-black,accessories,2024-05-30 6:55:15,a6e337fc-f277-471f-9466-19ba5a8b35ab,asos,tommy-hilfiger/tommy-hilfiger-eton-mini-billfold-leather-wallet-in-black/prd/204846354#colourWayId-204846355
204844082,Tommy Hilfiger new denton 3.5cm leather belt in black,£45.00,images.asos-media.com/products/tommy-hilfiger-new-denton-35cm-leather-belt-in-black/204844082-1-black,accessories,2024-05-30 6:55:15,a6e337fc-f277-471f-9466-19ba5a8b35ab,asos,tommy-hilfiger/tommy-hilfiger-new-denton-35cm-leather-belt-in-black/prd/204844082#colourWayId-204844083
205977968,BOSS joris leather belt in black,£49.00,images.asos-media.com/products/boss-joris-leather-belt-in-black/205977968-1-black,accessories,2024-05-30 6:55:15,a6e337fc-f277-471f-9466-19ba5a8b35ab,asos,boss-orange/boss-joris-leather-belt-in-black/prd/205977968#colourWayId-205977970
205574054,ASOS DESIGN smart leather belt in black with matte black buckle,£18.00,images.asos-media.com/products/asos-design-smart-leather-belt-in-black-with-matte-black-buckle/205574054-1-black,accessories,2024-05-30 6:55:15,a6e337fc-f277-471f-9466-19ba5a8b35ab,asos,asos-design/asos-design-smart-leather-belt-in-black-with-matte-black-buckle/prd/205574054#colourWayId-205574055
206381251,ASOS DESIGN leather belt with leather roller buckle in black,£18.00,images.asos-media.com/products/asos-design-leather-belt-with-leather-roller-buckle-in-black/206381251-1-black,accessories,2024-05-30 6:55:15,a6e337fc-f277-471f-9466-19ba5a8b35ab,asos,asos-design/asos-design-leather-belt-with-leather-roller-buckle-in-black/prd/206381251#colourWayId-206381253
205161881,Only & Sons belt in black leather,£18.00,images.asos-media.com/products/only-sons-belt-in-black-leather/205161881-1-black,accessories,2024-05-30 6:55:15,a6e337fc-f277-471f-9466-19ba5a8b35ab,asos,only-sons/only-sons-belt-in-black-leather/prd/205161881#colourWayId-205161891
203085333,Jack & Jones premium leather belt in black,£25.00,images.asos-media.com/products/jack-jones-premium-leather-belt-in-black/203085333-1-black,accessories,2024-05-30 6:55:15,a6e337fc-f277-471f-9466-19ba5a8b35ab,asos,jack-jones/jack-jones-premium-leather-belt-in-black/prd/203085333#colourWayId-203085361
205535613,ASOS DESIGN saffiano leather card holder in black,£12.00,images.asos-media.com/products/asos-design-saffiano-leather-card-holder-in-black/205535613-1-black,accessories,2024-05-30 6:55:15,a6e337fc-f277-471f-9466-19ba5a8b35ab,asos,asos-design/asos-design-saffiano-leather-card-holder-in-black/prd/205535613#colourWayId-205535614
206461556,ASOS DESIGN leather belt with burnished silver curved buckle in black,£18.00,images.asos-media.com/products/asos-design-leather-belt-with-burnished-silver-curved-buckle-in-black/206461556-1-black,accessories,2024-05-30 6:55:15,a6e337fc-f277-471f-9466-19ba5a8b35ab,asos,asos-design/asos-design-leather-belt-with-burnished-silver-curved-buckle-in-black/prd/206461556#colourWayId-206461558
206144803,ASOS DESIGN smart leather belt with burnished silver buckle in black,£18.00,images.asos-media.com/products/asos-design-smart-leather-belt-with-burnished-silver-buckle-in-black/206144803-1-black,accessories,2024-05-30 6:55:15,a6e337fc-f277-471f-9466-19ba5a8b35ab,asos,asos-design/asos-design-smart-leather-belt-with-burnished-silver-buckle-in-black/prd/206144803#colourWayId-206144804
203859525,ASOS DESIGN smart leather belt with burnished silver buckle in black,£18.00,images.asos-media.com/products/asos-design-smart-leather-belt-with-burnished-silver-buckle-in-black/203859525-1-black,accessories,2024-05-30 6:55:15,a6e337fc-f277-471f-9466-19ba5a8b35ab,asos,asos-design/asos-design-smart-leather-belt-with-burnished-silver-buckle-in-black/prd/203859525#colourWayId-203859527
205427835,HUGO gelio leather belt in black,£59.00,images.asos-media.com/products/hugo-gelio-leather-belt-in-black/205427835-1-black,accessories,2024-05-30 6:55:15,a6e337fc-f277-471f-9466-19ba5a8b35ab,asos,hugo-red/hugo-gelio-leather-belt-in-black/prd/205427835#colourWayId-205427844
206201613,ASOS DESIGN leather belt in black,£18.00,images.asos-media.com/products/asos-design-leather-belt-in-black/206201613-1-black,accessories,2024-05-30 6:55:15,a6e337fc-f277-471f-9466-19ba5a8b35ab,asos,asos-design/asos-design-leather-belt-in-black/prd/206201613#colourWayId-206201616
205574090,ASOS DESIGN leather belt with burnished silver buckle in vintage black,£17.00,images.asos-media.com/products/asos-design-leather-belt-with-burnished-silver-buckle-in-vintage-black/205574090-1-black,accessories,2024-05-30 6:55:15,a6e337fc-f277-471f-9466-19ba5a8b35ab,asos,asos-design/asos-design-leather-belt-with-burnished-silver-buckle-in-vintage-black/prd/205574090#colourWayId-205574091
204604581,ASOS DESIGN smart leather skinny belt with matte black buckle in black,£14.00,images.asos-media.com/products/asos-design-smart-leather-skinny-belt-with-matte-black-buckle-in-black/204604581-1-black,accessories,2024-05-30 6:55:15,a6e337fc-f277-471f-9466-19ba5a8b35ab,asos,asos-design/asos-design-smart-leather-skinny-belt-with-matte-black-buckle-in-black/prd/204604581#colourWayId-204604597
203859504,ASOS DESIGN smart leather skinny belt with silver buckle in black,£14.00,images.asos-media.com/products/asos-design-smart-leather-skinny-belt-with-silver-buckle-in-black/203859504-1-black,accessories,2024-05-30 6:55:15,a6e337fc-f277-471f-9466-19ba5a8b35ab,asos,asos-design/asos-design-smart-leather-skinny-belt-with-silver-buckle-in-black/prd/203859504#colourWayId-203859505
205845365,Calvin Klein Jeans mono plaque 35mm leather belt in black,£37.50,images.asos-media.com/products/calvin-klein-jeans-mono-plaque-35mm-leather-belt-in-black/205845365-1-black,accessories,2024-05-30 6:55:15,a6e337fc-f277-471f-9466-19ba5a8b35ab,asos,calvin-klein-jeans/calvin-klein-jeans-mono-plaque-35mm-leather-belt-in-black/prd/205845365#colourWayId-205845366
206381266,ASOS DESIGN leather belt with square buckle in silver and black,£18.00,images.asos-media.com/products/asos-design-leather-belt-with-square-buckle-in-silver-and-black/206381266-1-black,accessories,2024-05-30 6:55:15,a6e337fc-f277-471f-9466-19ba5a8b35ab,asos,asos-design/asos-design-leather-belt-with-square-buckle-in-silver-and-black/prd/206381266#colourWayId-206381267
206201627,ASOS DESIGN leather woven belt with western buckle in black,£23.00,images.asos-media.com/products/asos-design-leather-woven-belt-with-western-buckle-in-black/206201627-1-black,accessories,2024-05-30 6:55:15,a6e337fc-f277-471f-9466-19ba5a8b35ab,asos,asos-design/asos-design-leather-woven-belt-with-western-buckle-in-black/prd/206201627#colourWayId-206201628
201483554,Calvin Klein leather wallet with coin pouch in black,£65.00,images.asos-media.com/products/calvin-klein-leather-wallet-with-coin-pouch-in-black/201483554-1-black,accessories,2024-05-30 6:55:15,a6e337fc-f277-471f-9466-19ba5a8b35ab,asos,calvin-klein/calvin-klein-leather-wallet-with-coin-pouch-in-black/prd/201483554#colourWayId-201483558
203084722,Jack & Jones smooth leather belt with logo buckle in black,£22.00,images.asos-media.com/products/jack-jones-smooth-leather-belt-with-logo-buckle-in-black/203084722-1-black,accessories,2024-05-30 6:55:15,a6e337fc-f277-471f-9466-19ba5a8b35ab,asos,jack-jones/jack-jones-smooth-leather-belt-with-logo-buckle-in-black/prd/203084722#colourWayId-203084816
203322474,Barneys Originals leather belt in black,£12.00,images.asos-media.com/products/barneys-originals-leather-belt-in-black/203322474-1-black,accessories,2024-05-30 6:55:15,a6e337fc-f277-471f-9466-19ba5a8b35ab,asos,barneys-originals/barneys-originals-leather-belt-in-black/prd/203322474#colourWayId-203322487
206290672,Armani Exchange logo embossed coin pocket bifold leather wallet in black,£75.00,images.asos-media.com/products/armani-exchange-logo-embossed-coin-pocket-bifold-leather-wallet-in-black/206290672-1-black,accessories,2024-05-30 6:55:15,a6e337fc-f277-471f-9466-19ba5a8b35ab,asos,armani-exchange/armani-exchange-logo-embossed-coin-pocket-bifold-leather-wallet-in-black/prd/206290672#colourWayId-206290684
201483539,Calvin Klein leather cardholder in black,£40.00,images.asos-media.com/products/calvin-klein-leather-cardholder-in-black/201483539-1-black,accessories,2024-05-30 6:55:15,a6e337fc-f277-471f-9466-19ba5a8b35ab,asos,calvin-klein/calvin-klein-leather-cardholder-in-black/prd/201483539#colourWayId-201483547
206290520,Armani Exchange logo embossed leather credit card holder in black,£60.00,images.asos-media.com/products/armani-exchange-logo-embossed-leather-credit-card-holder-in-black/206290520-1-black,accessories,2024-05-30 6:55:15,a6e337fc-f277-471f-9466-19ba5a8b35ab,asos,armani-exchange/armani-exchange-logo-embossed-leather-credit-card-holder-in-black/prd/206290520#colourWayId-206290538
204390536,Jack & Jones leather belt in black,£22.00,images.asos-media.com/products/jack-jones-leather-belt-in-black/204390536-1-black,accessories,2024-05-30 6:55:15,a6e337fc-f277-471f-9466-19ba5a8b35ab,asos,jack-jones/jack-jones-leather-belt-in-black/prd/204390536#colourWayId-204390537
204559914,ASOS DESIGN smart leather belt with matte black buckle in black,£18.00,images.asos-media.com/products/asos-design-smart-leather-belt-with-matte-black-buckle-in-black/204559914-1-black,accessories,2024-05-30 6:55:15,a6e337fc-f277-471f-9466-19ba5a8b35ab,asos,asos-design/asos-design-smart-leather-belt-with-matte-black-buckle-in-black/prd/204559914#colourWayId-204559915
205161824,ONLY & SONS leather belt in black,£26.00,images.asos-media.com/products/only-sons-leather-belt-in-black/205161824-1-black,accessories,2024-05-30 6:55:15,a6e337fc-f277-471f-9466-19ba5a8b35ab,asos,only-sons/only-sons-leather-belt-in-black/prd/205161824#colourWayId-205161827
205425444,Calvin Klein Jeans classic leather 40mm belt in black,£45.00,images.asos-media.com/products/calvin-klein-jeans-classic-leather-40mm-belt-in-black/205425444-1-black,accessories,2024-05-30 6:55:15,a6e337fc-f277-471f-9466-19ba5a8b35ab,asos,calvin-klein-jeans/calvin-klein-jeans-classic-leather-40mm-belt-in-black/prd/205425444#colourWayId-205425445
206000290,ASOS DESIGN leather belt with contrast stitch in black,£18.00,images.asos-media.com/products/asos-design-leather-belt-with-contrast-stitch-in-black/206000290-1-black,accessories,2024-05-30 6:55:15,a6e337fc-f277-471f-9466-19ba5a8b35ab,asos,asos-design/asos-design-leather-belt-with-contrast-stitch-in-black/prd/206000290#colourWayId-206000301
206290782,Armani Exchange logo coin pocket bifold leather wallet in black,£80.00,images.asos-media.com/products/armani-exchange-logo-coin-pocket-bifold-leather-wallet-in-black/206290782-1-black,accessories,2024-05-30 6:55:15,a6e337fc-f277-471f-9466-19ba5a8b35ab,asos,armani-exchange/armani-exchange-logo-coin-pocket-bifold-leather-wallet-in-black/prd/206290782#colourWayId-206290787
204236843,Polo Ralph Lauren leather belt in black with pony logo,£70.00,images.asos-media.com/products/polo-ralph-lauren-leather-belt-in-black-with-pony-logo/204236843-1-black,accessories,2024-05-30 6:55:15,a6e337fc-f277-471f-9466-19ba5a8b35ab,asos,polo-ralph-lauren/polo-ralph-lauren-leather-belt-in-black-with-pony-logo/prd/204236843#colourWayId-204236845
205067083,ASOS DESIGN leather cross body bag with zip pockets in black,£38.00,images.asos-media.com/products/asos-design-leather-cross-body-bag-with-zip-pockets-in-black/205067083-1-black,accessories,2024-05-30 6:55:15,a6e337fc-f277-471f-9466-19ba5a8b35ab,asos,asos-design/asos-design-leather-cross-body-bag-with-zip-pockets-in-black/prd/205067083#colourWayId-205067084
206290728,Armani Exchange logo leather belt in black,£70.00,images.asos-media.com/products/armani-exchange-logo-leather-belt-in-black/206290728-1-black,accessories,2024-05-30 6:55:15,a6e337fc-f277-471f-9466-19ba5a8b35ab,asos,armani-exchange/armani-exchange-logo-leather-belt-in-black/prd/206290728#colourWayId-206290731
205849376,Tommy Jeans heritage leather CC wallet in black,£45.00,images.asos-media.com/products/tommy-jeans-heritage-leather-cc-wallet-in-black/205849376-1-black,accessories,2024-05-30 6:55:15,a6e337fc-f277-471f-9466-19ba5a8b35ab,asos,tommy-jeans/tommy-jeans-heritage-leather-cc-wallet-in-black/prd/205849376#colourWayId-205849378
205936883,HUGO RED Berka leather belt in black,£60.00,images.asos-media.com/products/hugo-red-berka-leather-belt-in-black/205936883-1-black,accessories,2024-05-30 6:55:15,a6e337fc-f277-471f-9466-19ba5a8b35ab,asos,hugo-red/hugo-red-berka-leather-belt-in-black/prd/205936883#colourWayId-205936899
206406833,G-star leather belt in black,£50.00,images.asos-media.com/products/g-star-leather-belt-in-black/206406833-1-black,accessories,2024-05-30 6:55:15,a6e337fc-f277-471f-9466-19ba5a8b35ab,asos,g-star/g-star-leather-belt-in-black/prd/206406833#colourWayId-206406834
205635500,Armani Exchange gift set pebble leather bifold coin pocket wallet and keyring in black,£115.00,images.asos-media.com/products/armani-exchange-gift-set-pebble-leather-bifold-coin-pocket-wallet-and-keyring-in-black/205635500-1-black,accessories,2024-05-30 6:55:15,a6e337fc-f277-471f-9466-19ba5a8b35ab,asos,armani-exchange/armani-exchange-gift-set-pebble-leather-bifold-coin-pocket-wallet-and-keyring-in-black/prd/205635500#colourWayId-205635503
206290360,Armani Exchange logo buckle reversible leather belt in black/charcoal,£70.00,images.asos-media.com/products/armani-exchange-logo-buckle-reversible-leather-belt-in-black-charcoal/206290360-1-blackcharcoal,accessories,2024-05-30 6:55:15,a6e337fc-f277-471f-9466-19ba5a8b35ab,asos,armani-exchange/armani-exchange-logo-buckle-reversible-leather-belt-in-black-charcoal/prd/206290360#colourWayId-206290369
206355845,Calvin Klein Leather Cardholder in Ck Black,£50.00,images.asos-media.com/products/calvin-klein-leather-cardholder-in-ck-black/206355845-1-ckblack,accessories,2024-05-30 6:55:15,a6e337fc-f277-471f-9466-19ba5a8b35ab,asos,calvin-klein/calvin-klein-leather-cardholder-in-ck-black/prd/206355845#colourWayId-206355849
205844793,Calvin Klein Jeans round mono plaque 40mm leather belt in black,£55.00,images.asos-media.com/products/calvin-klein-jeans-round-mono-plaque-40mm-leather-belt-in-black/205844793-1-black,accessories,2024-05-30 6:55:15,a6e337fc-f277-471f-9466-19ba5a8b35ab,asos,calvin-klein-jeans/calvin-klein-jeans-round-mono-plaque-40mm-leather-belt-in-black/prd/205844793#colourWayId-205844794
206355833,Calvin Klein Leather RFID Slimfold Wallet in Ck Black,£70.00,images.asos-media.com/products/calvin-klein-leather-rfid-slimfold-wallet-in-ck-black/206355833-1-ckblack,accessories,2024-05-30 6:55:15,a6e337fc-f277-471f-9466-19ba5a8b35ab,asos,calvin-klein/calvin-klein-leather-rfid-slimfold-wallet-in-ck-black/prd/206355833#colourWayId-206355842
22192977,Sekonda leather watch in black with gold case and dial,£49.99,images.asos-media.com/products/sekonda-leather-watch-in-black-with-gold-case-and-dial/22192977-1-black,accessories,2024-05-30 6:55:15,a6e337fc-f277-471f-9466-19ba5a8b35ab,asos,sekonda/sekonda-leather-watch-in-black-with-gold-case-and-dial/prd/22192977#colourWayId-60380411
205321014,Barneys Originals real leather messenger bag in black and red,£60.00,images.asos-media.com/products/barneys-originals-real-leather-messenger-bag-in-black-and-red/205321014-1-black,accessories,2024-05-30 6:55:15,a6e337fc-f277-471f-9466-19ba5a8b35ab,asos,barneys-originals/barneys-originals-real-leather-messenger-bag-in-black-and-red/prd/205321014#colourWayId-205321022
205321037,Barneys Originals real leather messenger bag in black and blue,£60.00,images.asos-media.com/products/barneys-originals-real-leather-messenger-bag-in-black-and-blue/205321037-1-black,accessories,2024-05-30 6:55:15,a6e337fc-f277-471f-9466-19ba5a8b35ab,asos,barneys-originals/barneys-originals-real-leather-messenger-bag-in-black-and-blue/prd/205321037#colourWayId-205321043
205778825,G-Star zuko leather belt in black,£40.00,images.asos-media.com/products/g-star-zuko-leather-belt-in-black/205778825-1-black,accessories,2024-05-30 6:55:15,a6e337fc-f277-471f-9466-19ba5a8b35ab,asos,g-star/g-star-zuko-leather-belt-in-black/prd/205778825#colourWayId-205778841
205832198,Calvin Klein Jeans classic flat 35mm leather belt in black/antique brass,£45.00,images.asos-media.com/products/calvin-klein-jeans-classic-flat-35mm-leather-belt-in-black-antique-brass/205832198-1-black,accessories,2024-05-30 6:55:15,a6e337fc-f277-471f-9466-19ba5a8b35ab,asos,calvin-klein-jeans/calvin-klein-jeans-classic-flat-35mm-leather-belt-in-black-antique-brass/prd/205832198#colourWayId-205843378
206362391,Calvin Klein logo monogram 35cm leather belt in black,£65.00,images.asos-media.com/products/calvin-klein-logo-monogram-35cm-leather-belt-in-black/206362391-1-black,accessories,2024-05-30 6:55:15,a6e337fc-f277-471f-9466-19ba5a8b35ab,asos,calvin-klein/calvin-klein-logo-monogram-35cm-leather-belt-in-black/prd/206362391#colourWayId-206362405
205889422,Barneys Originals Black real leather gloves in black,£25.00,images.asos-media.com/products/barneys-originals-black-real-leather-gloves-in-black/205889422-1-black,accessories,2024-05-30 6:55:15,a6e337fc-f277-471f-9466-19ba5a8b35ab,asos,barneys-originals/barneys-originals-black-real-leather-gloves-in-black/prd/205889422#colourWayId-205889423
205889511,Barneys Originals Black real leather driving gloves in black,£25.00,images.asos-media.com/products/barneys-originals-black-real-leather-driving-gloves-in-black/205889511-1-black,accessories,2024-05-30 6:55:15,a6e337fc-f277-471f-9466-19ba5a8b35ab,asos,barneys-originals/barneys-originals-black-real-leather-driving-gloves-in-black/prd/205889511#colourWayId-205889512
205025068,Barneys Originals Dio-Washington real leather bomber jacket in black,£85.00,images.asos-media.com/products/barneys-originals-dio-washington-real-leather-bomber-jacket-in-black/205025068-1-black,coatsandjackets,2024-05-30 6:56:43,017ab7d1-9cfe-48dd-b869-b33dc1973767,asos,barneys-originals/barneys-originals-dio-washington-real-leather-bomber-jacket-in-black/prd/205025068#colourWayId-205025071
205574825,ASOS DESIGN real leather oversized harrington jacket in black,£140.00,images.asos-media.com/products/asos-design-real-leather-oversized-harrington-jacket-in-black/205574825-1-black,coatsandjackets,2024-05-30 6:56:43,017ab7d1-9cfe-48dd-b869-b33dc1973767,asos,asos-design/asos-design-real-leather-oversized-harrington-jacket-in-black/prd/205574825#colourWayId-205574826
205852042,ASOS DESIGN oversized real leather cropped coach jacket in black,£140.00,images.asos-media.com/products/asos-design-oversized-real-leather-cropped-coach-jacket-in-black/205852042-1-black,coatsandjackets,2024-05-30 6:56:43,017ab7d1-9cfe-48dd-b869-b33dc1973767,asos,asos-design/asos-design-oversized-real-leather-cropped-coach-jacket-in-black/prd/205852042#colourWayId-205852046
205025224,Barneys Originals Ross real leather jacket in black,£110.00,images.asos-media.com/products/barneys-originals-ross-real-leather-jacket-in-black/205025224-1-black,coatsandjackets,2024-05-30 6:56:43,017ab7d1-9cfe-48dd-b869-b33dc1973767,asos,barneys-originals/barneys-originals-ross-real-leather-jacket-in-black/prd/205025224#colourWayId-205025225
205430022,ASOS DESIGN real leather oversized cropped coach jacket in black,£112.00,images.asos-media.com/products/asos-design-real-leather-oversized-cropped-coach-jacket-in-black/205430022-1-black,coatsandjackets,2024-05-30 6:56:43,017ab7d1-9cfe-48dd-b869-b33dc1973767,asos,asos-design/asos-design-real-leather-oversized-cropped-coach-jacket-in-black/prd/205430022#colourWayId-205430023
205321068,Barneys Originals real leather harrington jacket with zip pockets in black,£110.00,images.asos-media.com/products/barneys-originals-real-leather-harrington-jacket-with-zip-pockets-in-black/205321068-1-black,coatsandjackets,2024-05-30 6:56:43,017ab7d1-9cfe-48dd-b869-b33dc1973767,asos,barneys-originals/barneys-originals-real-leather-harrington-jacket-with-zip-pockets-in-black/prd/205321068#colourWayId-205321074
205574788,ASOS DESIGN real leather bomber jacket with varsity badging in black wash,£160.00,images.asos-media.com/products/asos-design-real-leather-bomber-jacket-with-varsity-badging-in-black-wash/205574788-1-black,coatsandjackets,2024-05-30 6:56:43,017ab7d1-9cfe-48dd-b869-b33dc1973767,asos,asos-design/asos-design-real-leather-bomber-jacket-with-varsity-badging-in-black-wash/prd/205574788#colourWayId-205574789
205321203,Barneys Originals real leather classic biker jacket in black,£110.00,images.asos-media.com/products/barneys-originals-real-leather-classic-biker-jacket-in-black/205321203-1-black,coatsandjackets,2024-05-30 6:56:43,017ab7d1-9cfe-48dd-b869-b33dc1973767,asos,barneys-originals/barneys-originals-real-leather-classic-biker-jacket-in-black/prd/205321203#colourWayId-205321204
206334412,AllSaints Cora leather moto jacket in black,£389.00,images.asos-media.com/products/allsaints-cora-leather-moto-jacket-in-black/206334412-1-black,coatsandjackets,2024-05-30 6:56:43,017ab7d1-9cfe-48dd-b869-b33dc1973767,asos,allsaints/allsaints-cora-leather-moto-jacket-in-black/prd/206334412#colourWayId-206334413